idna_subject,checker_type,destination,source,tested_at,session_id
2track.info,AVAILABILITY,domains.list,domains.list,2026-08-19 07:12:04.914308+00:00,c83d0a1bef7ef53b88e1f64b
4dsply.com,AVAILABILITY,domains.list,domains.list,2026-08-19 07:13:10.802955+00:00,c83d0a1bef7ef53b88e1f64b
abrahackbugs.xyz,AVAILABILITY,domains.list,domains.list,2026-08-19 07:13:11.444859+00:00,c83d0a1bef7ef53b88e1f64b
adfuture.cn,AVAILABILITY,domains.list,domains.list,2026-08-19 07:13:31.575959+00:00,c83d0a1bef7ef53b88e1f64b
adsunflower.com,AVAILABILITY,domains.list,domains.list,2026-08-19 07:14:22.490202+00:00,c83d0a1bef7ef53b88e1f64b
advmob.cn,AVAILABILITY,domains.list,domains.list,2026-08-19 07:14:54.181599+00:00,c83d0a1bef7ef53b88e1f64b
appslinker.net,AVAILABILITY,domains.list,domains.list,2026-08-19 07:15:14.312974+00:00,c83d0a1bef7ef53b88e1f64b
auslogics.com,AVAILABILITY,domains.list,domains.list,2026-08-19 07:16:13.158688+00:00,c83d0a1bef7ef53b88e1f64b
bbc.co,AVAILABILITY,domains.list,domains.list,2026-08-19 07:17:06.948021+00:00,c83d0a1bef7ef53b88e1f64b
bemobtracks.com,AVAILABILITY,domains.list,domains.list,2026-08-19 07:17:22.081801+00:00,c83d0a1bef7ef53b88e1f64b
betgorebysson.club,AVAILABILITY,domains.list,domains.list,2026-08-19 07:17:42.212785+00:00,c83d0a1bef7ef53b88e1f64b
bfmio.com,AVAILABILITY,domains.list,domains.list,2026-08-19 07:18:02.845044+00:00,c83d0a1bef7ef53b88e1f64b
bingsearchlib.com,AVAILABILITY,domains.list,domains.list,2026-08-19 07:18:58.085521+00:00,c83d0a1bef7ef53b88e1f64b
boudja.com,AVAILABILITY,domains.list,domains.list,2026-08-19 07:19:14.220854+00:00,c83d0a1bef7ef53b88e1f64b
brounelink.com,AVAILABILITY,domains.list,domains.list,2026-08-19 07:20:15.543469+00:00,c83d0a1bef7ef53b88e1f64b
byebyeads.org,AVAILABILITY,domains.list,domains.list,2026-08-19 07:20:31.946300+00:00,c83d0a1bef7ef53b88e1f64b
c8xwor.com,AVAILABILITY,domains.list,domains.list,2026-08-19 07:21:28.148109+00:00,c83d0a1bef7ef53b88e1f64b
clicksapp.net,AVAILABILITY,domains.list,domains.list,2026-08-19 07:22:04.408735+00:00,c83d0a1bef7ef53b88e1f64b
clicksgear.com,AVAILABILITY,domains.list,domains.list,2026-08-19 07:23:01.527164+00:00,c83d0a1bef7ef53b88e1f64b
cobalten.com,AVAILABILITY,domains.list,domains.list,2026-08-19 07:24:11.931688+00:00,c83d0a1bef7ef53b88e1f64b
codedexchange.com,AVAILABILITY,domains.list,domains.list,2026-08-19 07:24:35.138542+00:00,c83d0a1bef7ef53b88e1f64b
coderformylife.info,AVAILABILITY,domains.list,domains.list,2026-08-19 07:25:02.479803+00:00,c83d0a1bef7ef53b88e1f64b
conduit-services.com,AVAILABILITY,domains.list,domains.list,2026-08-19 07:25:54.284205+00:00,c83d0a1bef7ef53b88e1f64b
cosmeticsrc.com,AVAILABILITY,domains.list,domains.list,2026-08-19 07:26:56.829702+00:00,c83d0a1bef7ef53b88e1f64b
