idna_subject,checker_type,destination,tested_at
pwn.af,AVAILABILITY,domains.list,2026-09-27 06:06:56.297913+00:00
uoej.net,AVAILABILITY,domains.list,2026-09-27 06:07:30.694108+00:00
xmlformats.com,AVAILABILITY,domains.list,2026-09-27 06:07:30.998274+00:00
triapfog.com,AVAILABILITY,domains.list,2026-09-27 06:07:31.234081+00:00
programdiag.com,AVAILABILITY,domains.list,2026-09-27 06:07:31.522795+00:00
www.instagramc.om,AVAILABILITY,domains.list,2026-09-27 06:07:50.493683+00:00
eth22pos.com,AVAILABILITY,domains.list,2026-09-27 06:07:50.795315+00:00
eth22pos.org,AVAILABILITY,domains.list,2026-09-27 06:07:53.828432+00:00
ethmerge.gif,AVAILABILITY,domains.list,2026-09-27 06:07:54.045845+00:00
tesla2022go.com,AVAILABILITY,domains.list,2026-09-27 06:07:54.345963+00:00
xrp-airdrop.liv,AVAILABILITY,domains.list,2026-09-27 06:07:54.576801+00:00
bleadnr.org,AVAILABILITY,domains.list,2026-09-27 06:07:55.127724+00:00
tslasemi.org,AVAILABILITY,domains.list,2026-09-27 06:07:55.671945+00:00
strategy-qr.com,AVAILABILITY,domains.list,2026-09-27 06:07:56.045189+00:00
x2tesl.net,AVAILABILITY,domains.list,2026-09-27 06:07:56.394087+00:00
cz-drop.net,AVAILABILITY,domains.list,2026-09-27 06:07:56.765054+00:00
arkdrop.eu,AVAILABILITY,domains.list,2026-09-27 06:07:58.187407+00:00
cryptogiveaway.host,AVAILABILITY,domains.list,2026-09-27 06:07:58.651290+00:00
czx2.org,AVAILABILITY,domains.list,2026-09-27 06:07:59.043131+00:00
tslagive2023.com,AVAILABILITY,domains.list,2026-09-27 06:07:59.441958+00:00
rippl2x.org,AVAILABILITY,domains.list,2026-09-27 06:07:59.908928+00:00
ark-fund.pro,AVAILABILITY,domains.list,2026-09-27 06:08:00.899674+00:00
teslaelon2022.org,AVAILABILITY,domains.list,2026-09-27 06:08:01.488239+00:00
ark-join.net,AVAILABILITY,domains.list,2026-09-27 06:08:01.851207+00:00
hotmailc.om,AVAILABILITY,domains.list,2026-09-27 06:08:05.725445+00:00
cooster.ru,AVAILABILITY,domains.list,2026-09-27 06:08:07.361224+00:00
hmrc-cov19.payment.estrodev.com,AVAILABILITY,domains.list,2026-09-27 06:08:07.832981+00:00
netcomfort.org,AVAILABILITY,domains.list,2026-09-27 06:08:08.493627+00:00
samsung.om,AVAILABILITY,domains.list,2026-09-27 06:08:12.981839+00:00
thatsocute.us,AVAILABILITY,domains.list,2026-09-27 06:08:13.755808+00:00
www.adp.om,AVAILABILITY,domains.list,2026-09-27 06:08:30.829678+00:00
www.baidu.om,AVAILABILITY,domains.list,2026-09-27 06:08:40.232770+00:00
www.bestbuyc.om,AVAILABILITY,domains.list,2026-09-27 06:08:45.690250+00:00
www.betgorebysson.club,AVAILABILITY,domains.list,2026-09-27 06:08:46.097509+00:00
www.boudja.com,AVAILABILITY,domains.list,2026-09-27 06:08:46.454376+00:00
www.cooster.ru,AVAILABILITY,domains.list,2026-09-27 06:08:47.198762+00:00
www.covid19-info.online,AVAILABILITY,domains.list,2026-09-27 06:08:47.523393+00:00
www.creditkarma.om,AVAILABILITY,domains.list,2026-09-27 06:08:54.560118+00:00
www.delta.om,AVAILABILITY,domains.list,2026-09-27 06:09:06.010142+00:00
coolrat.xyz,AVAILABILITY,domains.list,2026-09-27 06:09:06.714891+00:00
covid19-info.online,AVAILABILITY,domains.list,2026-09-27 06:09:07.087407+00:00
cuevana.fm,AVAILABILITY,domains.list,2026-09-27 06:09:07.817023+00:00
epicunitscan.info,AVAILABILITY,domains.list,2026-09-27 06:09:09.155285+00:00
fioressence.com,AVAILABILITY,domains.list,2026-09-27 06:09:09.488907+00:00
mailguardonline.net,AVAILABILITY,domains.list,2026-09-27 06:09:09.961281+00:00
psc4fuel.com,AVAILABILITY,domains.list,2026-09-27 06:09:10.260867+00:00
scrlink.cool,AVAILABILITY,domains.list,2026-09-27 06:09:11.694457+00:00
survivecoronavirus.org,AVAILABILITY,domains.list,2026-09-27 06:09:12.193726+00:00
ofgogoatan.com,AVAILABILITY,domains.list,2026-09-27 06:09:24.622756+00:00
langhort.com,AVAILABILITY,domains.list,2026-09-27 06:09:24.988334+00:00
clipsold.com,AVAILABILITY,domains.list,2026-09-27 06:09:25.311719+00:00
bugdepromo.com,AVAILABILITY,domains.list,2026-09-27 06:09:25.602533+00:00
intelserviceupdate.com,AVAILABILITY,domains.list,2026-09-27 06:09:25.990093+00:00
slickfluide.com,AVAILABILITY,domains.list,2026-09-27 06:09:26.400601+00:00
trkmyclk.xyz,AVAILABILITY,domains.list,2026-09-27 06:09:26.985617+00:00
www.ebates.om,AVAILABILITY,domains.list,2026-09-27 06:09:28.624938+00:00
www.epicunitscan.info,AVAILABILITY,domains.list,2026-09-27 06:09:29.319552+00:00
www.gmail.om,AVAILABILITY,domains.list,2026-09-27 06:09:34.886102+00:00
www.gnc.om,AVAILABILITY,domains.list,2026-09-27 06:09:37.428158+00:00
www.gusimp.net,AVAILABILITY,domains.list,2026-09-27 06:09:37.750250+00:00
www.googlec.om,AVAILABILITY,domains.list,2026-09-27 06:09:38.513110+00:00
zief.pl,AVAILABILITY,domains.list,2026-09-27 06:09:43.962850+00:00
www.imgfarm.com,AVAILABILITY,domains.list,2026-09-27 06:09:44.306866+00:00
www.linkedinc.om,AVAILABILITY,domains.list,2026-09-27 06:09:47.487827+00:00
www.luckypushh.com,AVAILABILITY,domains.list,2026-09-27 06:10:02.253419+00:00
www.netcomfort.org,AVAILABILITY,domains.list,2026-09-27 06:10:04.452263+00:00
www.ofgogoatan.com,AVAILABILITY,domains.list,2026-09-27 06:10:17.214164+00:00
www.office365.om,AVAILABILITY,domains.list,2026-09-27 06:10:18.218096+00:00
www.preparedsrc.org,AVAILABILITY,domains.list,2026-09-27 06:10:21.651174+00:00
www.qnjdtefk.com,AVAILABILITY,domains.list,2026-09-27 06:10:22.032633+00:00
www.realtor.om,AVAILABILITY,domains.list,2026-09-27 06:10:22.659387+00:00
www.rediff.om,AVAILABILITY,domains.list,2026-09-27 06:10:23.766028+00:00
www.rr.om,AVAILABILITY,domains.list,2026-09-27 06:10:26.781357+00:00
www.samsung.om,AVAILABILITY,domains.list,2026-09-27 06:10:29.916203+00:00
www.skype.om,AVAILABILITY,domains.list,2026-09-27 06:10:31.249776+00:00
www.sendmepush.com,AVAILABILITY,domains.list,2026-09-27 06:10:41.055117+00:00
www.sohu.om,AVAILABILITY,domains.list,2026-09-27 06:10:44.827217+00:00
www.survivecoronavirus.org,AVAILABILITY,domains.list,2026-09-27 06:10:45.462406+00:00
www.thatsocute.us,AVAILABILITY,domains.list,2026-09-27 06:10:45.747049+00:00
www.vid-adblocker.com,AVAILABILITY,domains.list,2026-09-27 06:10:46.122254+00:00
www.video-adblock.com,AVAILABILITY,domains.list,2026-09-27 06:10:46.577213+00:00
www.wsj.om,AVAILABILITY,domains.list,2026-09-27 06:10:47.060413+00:00
www.yahoo.om,AVAILABILITY,domains.list,2026-09-27 06:10:49.464410+00:00
www.youku.om,AVAILABILITY,domains.list,2026-09-27 06:10:50.804395+00:00
www.zillow.om,AVAILABILITY,domains.list,2026-09-27 06:10:51.110584+00:00
www.baiduc.om,AVAILABILITY,domains.list,2026-09-27 06:10:54.943342+00:00
www.script-protection.com,AVAILABILITY,domains.list,2026-09-27 06:10:55.475618+00:00
www.bing.om,AVAILABILITY,domains.list,2026-09-27 06:10:57.483087+00:00
www.paydelivery-fee.com,AVAILABILITY,domains.list,2026-09-27 06:10:57.811356+00:00
imgfarm.com,AVAILABILITY,domains.list,2026-09-27 06:10:58.094088+00:00
mysearch.com,AVAILABILITY,domains.list,2026-09-27 06:10:58.397085+00:00
luckypushh.com,AVAILABILITY,domains.list,2026-09-27 06:11:10.708081+00:00
www.xn--gmail-bgd.com,AVAILABILITY,domains.list,2026-09-27 06:11:27.658206+00:00
crphone.mireene.com,AVAILABILITY,domains.list,2026-09-27 06:11:29.365051+00:00
api.publicanalyser.com,AVAILABILITY,domains.list,2026-09-27 06:11:29.644029+00:00
goodluckguy.space,AVAILABILITY,domains.list,2026-09-27 06:11:30.050514+00:00
www.dartsearch.net,AVAILABILITY,domains.list,2026-09-27 06:11:30.368678+00:00
www.findsearchresults.info,AVAILABILITY,domains.list,2026-09-27 06:11:31.128157+00:00
